epoch,step,test-acc,test-auc,test-cls_loss,test-compression_loss,test-eer,test-f0_loss,test-feat_contrast_loss,test-loss,test-speed_loss,test-vocoder_stem_loss,train-acc,train-auc,train-cls_loss,train-compression_loss,train-eer,train-f0_loss,train-feat_contrast_loss,train-feat_shuffle_loss,train-loss,train-speed_loss,train-vocoder_stem_loss
0,6,,,,,,,,,,,0.5,0.6299999952316284,0.7704206705093384,2.30047345161438,0.4000000059604645,0.0,0.3101617693901062,0.0900973230600357,3.460481643676758,2.769486427307129,0.0
1,13,,,,,,,,,,,0.6000000238418579,0.5099999904632568,0.7876928448677063,2.2659592628479004,0.5,0.0,0.3120322823524475,0.08982978761196136,3.426448106765747,2.699519157409668,0.0
2,20,,,,,,,,,,,0.550000011920929,0.5,0.7842198610305786,2.2029054164886475,0.5,0.0,0.3070986270904541,0.08012378215789795,3.3225300312042236,2.5666162967681885,0.0
3,27,,,,,,,,,,,0.550000011920929,0.7699999809265137,0.7431045770645142,2.1911888122558594,0.20000000298023224,0.0,0.31047898530960083,0.06721103191375732,3.2654635906219482,2.5430502891540527,0.0
4,28,0.5,0.9800000190734863,0.6732991933822632,2.1219122409820557,0.10000000149011612,0.0,0.32317954301834106,3.1648013591766357,2.5379128456115723,0.0,,,,,,,,,,,
